City,Country Code,Lat [deg],Long [deg],Temperature [F],Humidity [%],Cloudiness [%],Wind Speed [mph]
rikitea,pf,-23.12,-134.97,77.036,76,19,4.69
busselton,au,-33.65,115.33,81.428,29,100,7.54
punta arenas,cl,-53.15,-70.92,50,66,78,8.7
ushuaia,ar,-54.8,-68.3,53.6,91,40,6.2
hobart,au,-42.88,147.33,59.486,47,75,6.2
port alfred,za,-33.59,26.89,64.994,98,1,2.24
bredasdorp,za,-34.53,20.04,57.2,87,28,0.5
vaini,to,-21.2,-175.2,75.2,100,90,8.2
east london,za,-33.02,27.91,69.8,94,12,4.1
albany,au,42.6,-73.97,37.796,55,1,7.7
mataura,pf,-46.19,168.86,61.412,76,6,2.09
new norfolk,au,-42.78,147.06,59.36,47,75,6.2
hermanus,za,-34.42,19.23,59,94,8,1.79
port elizabeth,za,-33.92,25.57,62.6,100,90,6.2
cape town,za,-33.93,18.42,59.324,93,75,4.1
bluff,nz,-46.6,168.33,58.748,67,53,2.77
kruisfontein,za,-34,24.73,67.334,82,7,3.65
avarua,ck,-21.21,-159.78,84.2,70,4,1.5
kaitangata,nz,-46.28,169.85,55.346,85,10,4.27
chuy,uy,-33.7,-53.46,70.232,88,0,4.06
saint-philippe,re,-21.36,55.77,77.954,83,75,6.2
mar del plata,ar,-38,-57.56,68.306,83,21,5.1
cidreira,br,-30.18,-50.21,74.876,89,0,9.25
castro,cl,-24.79,-50.01,56.948,90,67,1.78
mahebourg,mu,-20.41,57.7,80.618,94,75,1
tuatapere,nz,-46.13,167.68,60.602,67,84,0.7
dunedin,nz,-45.87,170.5,64.004,67,8,4.02
arraial do cabo,br,-22.97,-42.03,77.09,85,0,4.46
rio gallegos,ar,-51.62,-69.22,46.4,81,49,2.6
mount gambier,au,-37.83,140.77,64.4,42,35,8.2
coihaique,cl,-45.58,-72.07,48.2,70,4,1
portland,au,45.52,-122.68,37.418,80,90,1.54
rawson,ar,-43.3,-65.1,63.014,54,42,16.47
milton,nz,34.13,-84.3,59.81,82,75,1.48
esperance,au,-33.87,121.9,71.6,68,90,6.2
waipawa,nz,-41.41,175.52,66.506,40,0,6.7
ranfurly,nz,-45.13,170.1,64.004,67,0,0.89
viedma,ar,-40.81,-63,62.348,42,0,10.53
port lincoln,au,-34.73,135.87,63.374,60,56,8.22
saldanha,za,-33.01,17.94,62.6,88,33,2.6
comodoro rivadavia,ar,-45.87,-67.5,64.4,59,75,5.1
laguna,br,38.42,-121.42,52.988,66,75,8.2
margate,za,51.38,1.39,44.762,87,40,4.6
ancud,cl,-41.87,-73.82,44.6,100,7,1.36
batemans bay,au,-35.72,150.18,60.548,57,92,4.02
rio grande,br,-32.03,-52.1,71.996,91,1,6.15
lebu,cl,-37.62,-73.65,47.192,93,4,2.1
nelson bay,au,-32.72,152.15,61.592,93,90,9.8
souillac,mu,-20.52,57.52,80.618,94,75,1
knysna,za,-34.04,23.05,66.2,93,40,3.1
kyabram,au,-36.32,145.05,68.018,22,0,0.45
jamestown,sh,42.1,-79.24,34.484,69,1,6.2
avera,pf,33.19,-82.53,66.56,82,90,1.5
tairua,nz,-37.02,175.85,69.998,61,0,2.24
whitianga,nz,-36.83,175.7,73.994,62,20,1.79
lincoln,ar,40.8,-96.67,33.71,95,90,4.6
ahipara,nz,-35.17,173.17,68.612,69,77,2.35
bambous virieux,mu,-20.34,57.76,80.708,94,75,1
carnarvon,au,-24.87,113.63,84.2,70,0,5.7
flinders,au,-34.58,150.86,57.722,63,90,6.2
sawtell,au,-30.38,153.1,77.09,50,0,5.7
luderitz,na,-26.65,15.16,64.4,82,0,5.1
palmares do sul,br,-30.26,-50.51,72.392,91,0,4.39
middelburg,za,-25.78,29.46,65.588,55,56,0.36
broken hill,au,-31.95,141.43,69.8,22,0,9.8
gunnedah,au,-30.98,150.25,78.8,39,90,3.6
bella union,uy,-30.28,-57.6,80.87,42,0,4.05
coquimbo,cl,-29.95,-71.34,60.8,93,20,2.1
geraldton,au,-28.77,114.6,87.89,43,90,4.6
inhambane,mz,-23.86,35.38,75.2,94,40,1.81
tupancireta,br,-29.08,-53.84,71.474,66,0,4.37
vallenar,cl,-28.57,-70.76,60.098,76,100,0.72
warwick,au,41.7,-71.42,43.088,42,1,8.2
alice springs,au,-23.7,133.88,91.4,22,2,6.2
russell,nz,32.35,-85.2,63.914,88,1,3.6
yulara,au,-25.24,130.99,96.8,16,0,5.1
diego de almagro,cl,-26.37,-70.05,59.918,62,100,1.26
beloha,mg,-25.17,45.05,81.194,58,48,5.19
maputo,mz,-25.97,32.59,76.1,88,40,2.1
walvis bay,na,-22.96,14.51,59.72,100,0,1.5
bengkulu,id,-3.8,102.27,85.784,73,100,2.77
xai-xai,mz,-25.05,33.64,79.052,71,0,1.64
maryborough,au,-25.53,152.7,78.926,55,1,4.63
laranjeiras do sul,br,-25.41,-52.42,66.524,69,51,2.39
aregua,py,-25.31,-57.38,86,58,0,2.1
noumea,nc,-22.28,166.46,87.8,70,75,2.1
taltal,cl,-25.4,-70.48,59.45,90,75,0.77
roebourne,au,-20.78,117.13,98.564,27,15,3.37
aranos,na,-24.13,19.12,70.628,20,3,1.77
ellisras,za,-23.66,27.74,76.082,56,0,3.3
mount isa,au,-20.73,139.5,91.4,22,0,6.2
caraguatatuba,br,-23.63,-45.49,69.8,83,20,1
saint-leu,re,-21.15,55.28,77.918,83,75,6.2
antofagasta,cl,-23.65,-70.4,64.4,88,75,4.1
tartagal,ar,-22.52,-63.8,76.982,66,100,1.18
isangel,vu,-19.55,169.27,91.4,63,75,5.1
georgetown,sh,5.41,100.34,90.284,66,20,2.6
port hedland,au,-20.32,118.57,95,41,9,2.6
gobabis,na,-22.45,18.97,62.6,88,34,1.5
bataipora,br,-22.3,-53.27,70.646,85,23,0.95
alofi,nu,-19.06,-169.92,80.6,88,100,2.1
bourail,nc,-21.57,165.48,80.726,78,100,2.55
okakarara,na,-20.58,17.43,69.116,41,13,1.51
henties bay,na,-22.12,14.28,60.998,96,0,0.38
puerto ayora,ec,-0.74,-90.35,78.008,84,62,0.89
broome,au,42.25,-75.83,36.14,59,90,6.2
caravelas,br,-17.71,-39.25,79.628,75,61,1.47
pedregulho,br,-20.26,-47.48,64.706,94,0,3.22
tautira,pf,-17.73,-149.15,86.936,70,20,5.1
namibe,ao,-15.2,12.15,75.614,72,92,2.31
toamasina,mg,-18.17,49.38,75.2,94,75,6.2
pompeu,br,-19.22,-44.94,67.64,94,74,2.6
pisco,pe,-13.7,-76.22,73.22,78,73,1
san jose,bo,37.34,-121.89,52.268,66,1,3.07
quatre cocos,mu,-20.21,57.76,80.852,94,75,1
arica,cl,-18.48,-70.3,71.762,69,100,1
poum,nc,-20.23,164.02,82.688,77,98,4.19
shakawe,bw,-18.37,21.85,71.456,79,44,1.73
saint-denis,re,48.92,2.33,42.98,70,90,2.6
rundu,na,-17.93,19.77,69.242,82,75,2.54
aguas formosas,br,-17.08,-40.94,65.876,99,8,0.59
mutoko,zw,-17.4,32.23,71.078,74,7,0.16
vaitape,pf,-16.52,-151.75,83.102,79,89,7.16
torata,pe,-17.08,-70.84,59.612,85,100,1.37
kariba,zw,-16.52,28.8,72.914,80,58,1.02
soanierana ivongo,mg,-16.92,49.58,79.088,80,100,5.3
maceio,br,-9.67,-35.74,77,94,75,1.5
alyangula,au,-13.85,136.42,93.2,59,40,3.1
san miguel,bo,13.48,-88.18,74.066,79,57,0.42
cap malheureux,mu,-19.98,57.61,81.158,94,75,1
san matias,bo,-16.37,-58.4,77.144,83,1,1.83
karratha,au,-20.74,116.85,83.264,74,28,6.47
grand gaube,mu,-20.01,57.66,81.086,94,75,1
antsohihy,mg,-14.88,47.99,79.304,80,100,1.16
hithadhoo,mv,-0.6,73.08,83.804,57,14,2.41
belmonte,br,-15.86,-38.88,75.2,88,40,1.5
niquelandia,br,-14.47,-48.46,68,95,23,1.39
luganville,vu,-15.53,167.17,84.2,79,75,3.1
mozarlandia,br,-14.74,-50.57,73.598,88,53,1.6
pontes e lacerda,br,-15.23,-59.34,73.958,89,95,0.99
boyolangu,id,-8.12,111.89,87.62,67,25,3.89
antalaha,mg,-14.9,50.28,81.05,84,100,12.37
sola,vu,-13.88,167.55,84.884,76,100,5.9
samarai,pg,-10.62,150.67,83.462,78,100,2.89
atuona,pf,-9.8,-139.03,82.472,68,51,4.68
mpongwe,zm,-13.51,28.16,66.542,97,100,0.46
ambilobe,mg,-13.2,49.05,83.246,77,100,4.99
caala,ao,-12.85,15.56,63.338,93,95,0.38
kirakira,sb,-10.45,161.92,81.626,81,78,4.57
ambanja,mg,-13.68,48.45,82.796,71,100,5.11
port keats,au,-14.25,129.55,93.992,45,36,3.43
asau,tv,46.43,26.4,37.922,93,40,1
sambava,mg,-14.27,50.17,76.442,93,100,1.48
vilhena,br,-12.74,-60.15,70.736,98,100,1.11
pampas,pe,-12.4,-74.9,42.44,92,97,0.94
camacupa,ao,-12.02,17.48,63.626,98,100,1.8
faanui,pf,-16.48,-151.75,83.102,79,89,7.16
sao miguel do araguaia,br,-13.28,-50.16,72.482,89,10,1.13
daru,pg,-9.08,143.21,86.342,72,75,2.69
gizo,sb,-8.1,156.84,82.202,79,23,5.61
riberalta,bo,-10.98,-66.1,74.84,87,100,0.85
kibala,ao,9.11,18.35,70.448,15,10,2.41
coruripe,br,-10.13,-36.18,80.438,72,93,3.59
muncar,id,-8.43,114.33,83.786,69,50,2.02
chicama,pe,-7.84,-79.15,71.6,88,40,3.6
luanda,ao,-8.84,13.23,80.6,88,40,2.1
kroya,id,-7.63,109.25,92.696,48,100,2.28
olinda,br,-8.01,-34.86,82.4,69,40,3.6
victoria,sc,22.29,114.16,74.3,53,27,1.5
chimbote,pe,-9.09,-78.58,73.382,79,86,2.34
alta floresta,br,-9.88,-56.09,71.978,99,100,1.81
lata,sb,40.16,-8.33,49.262,93,75,1
sechura,pe,-5.56,-80.82,74.768,87,18,2.79
pimentel,pe,-6.84,-79.93,75.2,73,2,5.7
buin,pg,-33.73,-70.75,66.2,63,43,3.6
auki,sb,-8.77,160.7,84.848,77,81,8.1
mataram,id,-8.58,116.12,87.8,70,75,4.1
kirando,tz,-7.42,30.6,73.634,86,100,4.51
chepen,pe,-7.22,-79.45,75.2,73,56,5.7
bulolo,pg,-7.2,146.65,84.272,51,100,1.68
omboue,ga,-1.57,9.26,77.324,94,66,0.19
kabinda,cd,-6.13,24.48,68.828,96,100,1.55
padang,id,-0.95,100.35,82.184,73,38,0.88
kabalo,cd,-6.05,26.92,70.664,94,100,0.84
pringsewu,id,-5.36,104.97,82.148,84,100,1.1
nisia floresta,br,-6.09,-35.21,75.2,94,40,4.6
mayumba,ga,-3.43,10.66,82.454,78,84,1.87
paita,pe,-5.09,-81.11,78.908,68,65,2.49
gamba,ga,-2.65,10,77.954,90,99,1.57
lusambo,cd,-4.97,23.45,70.592,94,100,0.59
kibaya,tz,-5.3,36.57,65.822,95,100,1.3
pamanukan,id,-6.28,107.81,88.466,62,100,1.57
metro,id,-5.11,105.31,86.36,69,100,1.05
coari,br,-4.08,-63.14,74.984,94,43,0.67
nabire,id,-3.37,135.48,76.316,98,100,0.76
kasongo,cd,-4.45,26.67,70.952,96,97,1.31
hambantota,lk,6.12,81.12,87.8,66,0,3.6
sibiti,cg,-3.68,13.35,73.004,93,78,0.09
madang,pg,-5.22,145.8,84.452,74,100,9.6
paragominas,br,-2.97,-47.48,72.302,99,100,1.15
buala,sb,-8.14,159.59,82.418,82,85,5.59
meulaboh,id,4.14,96.13,83.858,73,0,1.53
kavieng,pg,-2.57,150.8,83.894,76,8,6.76
port-gentil,ga,-0.72,8.78,83.372,79,94,3.05
pangkalanbuun,id,-2.68,111.62,96.476,39,68,1.9
kendari,id,-3.94,122.5,83.03,87,91,1.45
lorengau,pg,-2.02,147.27,84.758,75,0,6.49
kieta,pg,-6.22,155.63,84.398,80,71,6.96
itacoatiara,br,-3.14,-58.44,78.8,94,99,0.74
harper,lr,4.38,-7.72,76.766,96,18,1.16
careiro da varzea,br,-3.2,-59.81,80.6,83,51,1
mogadishu,so,2.04,45.34,82.31,83,82,8.64
boende,cd,-0.22,20.87,72.752,84,100,1.54
touros,br,-5.2,-35.46,75.2,100,75,3.1
koulamoutou,ga,-1.13,12.47,73.634,87,85,0.44
inongo,cd,-1.95,18.27,72.734,80,60,1.38
mbandaka,cd,0.05,18.26,72.572,81,71,1.15
poso,id,-1.4,120.75,70.016,92,95,0.28
takoradi,gh,4.88,-1.76,77.468,94,1,1.74
axim,gh,4.87,-2.24,77.468,94,1,1.74
chuka,ke,-0.33,37.65,70.106,75,97,2.7
terra santa,br,-2.1,-56.49,74.858,96,55,0.61
sao caetano de odivelas,br,-0.75,-48.02,74.138,97,100,0.62
san patricio,mx,19.22,-104.7,75.02,85,0,2.43
grand-lahou,ci,5.14,-5.02,83.732,80,91,6.08
thinadhoo,mv,0.53,72.93,83.876,64,31,3.7
maua,ke,-23.67,-46.46,71.582,77,40,3.1
kapit,my,2.02,112.93,88.214,62,40,1.18
pontian kecil,my,1.48,103.39,87.512,70,40,3.6
kuching,my,1.55,110.33,87.512,70,40,2.1
goderich,sl,43.75,-81.72,34.142,75,33,7.15
salinopolis,br,-0.61,-47.36,81.698,79,86,6.85
kudahuvadhoo,mv,2.67,72.89,83.948,72,35,4.06
lazaro cardenas,mx,17.96,-102.2,73.976,88,30,1.01
ternate,id,0.8,127.4,80.798,83,100,3.19
grand-santi,gf,4.25,-54.38,71.168,91,30,0.78
jacqueville,ci,5.21,-4.41,82.4,94,20,2.6
lethem,gy,3.38,-59.8,78.116,72,28,6.01
sembakung,id,3.82,117.25,89.852,53,36,2.81
bonoua,ci,5.27,-3.6,82.4,94,20,2.6
lodwar,ke,3.12,35.6,88.322,38,100,4.34
mosquera,co,4.71,-74.23,57.2,87,75,1.5
banda aceh,id,5.56,95.32,90.23,50,0,3.28
torit,sd,4.41,32.57,82.058,61,99,0.89
lumut,my,4.23,100.63,91.256,66,20,1.5
kaabong,ug,3.48,34.15,75.362,52,100,1.7
monrovia,lr,6.3,-10.8,80.6,94,20,1.5
yabassi,cm,4.46,9.97,80.6,94,75,0.58
itarema,br,-2.92,-39.92,73.526,97,100,1.41
cabo san lucas,mx,22.89,-109.91,68.936,68,40,4.89
la palma,pa,33.85,-118.05,54.716,93,90,1.81
bintulu,my,3.17,113.03,87.494,74,75,2.6
sao filipe,cv,14.9,-24.5,74.354,59,100,5.37
upata,ve,8.01,-62.4,71.258,85,80,1.71
kouango,cf,4.99,19.96,78.998,51,86,1.19
butaritari,ki,3.07,172.79,83.876,70,88,4.19
tambura,sd,5.6,27.47,76.208,78,84,2.09
mandera,ke,3.94,41.87,83.318,55,87,2.23
ugoofaaru,mv,5.67,73,84.11,75,0,6.29
mutis,co,6.23,-77.4,77.828,82,96,2.45
marang,my,5.21,103.21,87.512,74,20,2.6
hilo,us,19.73,-155.09,67.172,83,90,6.7
pochutla,mx,15.74,-96.47,79.61,88,20,2.6
odweyne,so,9.41,45.06,66.416,81,100,4.22
dodola,et,6.98,39.18,58.586,76,58,0.93
acapulco,mx,16.86,-99.89,80.6,74,20,1
paoua,cf,7.24,16.44,66.362,19,30,1.66
san cristobal,ve,7.77,-72.22,80.6,69,75,2.1
champerico,gt,14.3,-91.92,76.676,77,11,2.06
airai,pw,-8.93,125.41,81.356,53,17,2.75
lumbayao,ph,8.02,125.17,83.462,43,85,3.45
gambela,et,8.25,34.58,86.774,51,68,1.03
kilakarai,in,9.23,78.78,82.04,74,79,6.96
bandarbeyla,so,9.49,50.81,79.052,80,90,7.1
kambia,sl,9.12,-12.92,70.97,96,0,1.12
phangnga,th,8.45,98.53,90.446,55,20,3.1
tucupita,ve,9.06,-62.05,70.484,99,36,1.24
ndele,cf,8.41,20.65,71.924,14,58,1.49
kyabe,td,9.45,18.94,71.726,15,21,3.46
ko samui,th,9.54,99.94,87.8,70,20,6.2
kapaa,us,22.08,-159.32,72.338,64,75,4.6
bauchi,ng,10.5,10,60.314,30,28,1.46
kaduna,ng,10.52,7.44,63.284,24,0,4.51
makakilo city,us,21.35,-158.09,71.726,78,90,3.1
trat,th,12.5,102.5,88.16,79,40,2.6
kontagora,ng,10.4,5.47,70.88,13,11,3.06
berbera,so,10.44,45.01,79.268,71,73,0.73
scarborough,tt,54.28,-0.4,41.144,93,82,2.6
oistins,bb,13.07,-59.53,77,83,75,8.7
constitucion,mx,-35.33,-72.42,57.578,77,14,2.56
pilar,ph,-9.6,-35.96,77,94,75,1.5
port blair,in,11.67,92.75,82.274,69,100,4.57
azare,ng,11.68,10.19,59.756,28,24,2.39
salalah,om,17.02,54.09,73.4,60,40,2.1
algeciras,ph,36.13,-5.45,56.912,87,55,3.6
hounde,bf,11.5,-3.52,71.744,15,0,1
puerto escondido,mx,15.85,-97.07,80.6,88,20,2.6
kombissiri,bf,12.07,-1.34,81.482,18,0,2.6
la asuncion,ve,11.03,-63.86,78.8,83,5,5.7
manjeshwar,in,12.72,74.89,84.2,62,18,2.1
aden,ye,12.78,45.04,79.286,58,58,7.56
bereda,so,43.27,-7.54,43.646,100,90,1.5
bathsheba,bb,13.22,-59.52,77,83,75,8.7
dogondoutchi,ne,13.64,4.03,67.694,17,0,5.35
niamey,ne,13.51,2.11,75.2,14,0,2.1
nonthaburi,th,13.75,100.5,92.57,59,20,3.1
mormugao,in,15.4,73.8,80.6,61,20,3.6
niono,ml,14.25,-5.99,72.698,10,11,3.93
pandan,ph,14.05,124.17,81.122,77,44,6.87
banawang,ph,14.61,120.39,89.888,62,20,6.7
sokolo,ml,14.73,-6.12,71.96,10,0,3.83
palauig,ph,15.44,119.9,82.67,68,98,4.19
moussoro,td,13.64,16.49,62.096,29,3,5.28
goure,ne,13.98,10.27,64.994,24,39,4.02
kutum,sd,14.2,24.67,59.756,23,99,2.26
dakar,sn,14.69,-17.44,72.284,88,3,2.1
sal rei,cv,16.18,-22.92,71.6,83,83,3.1
kosum phisai,th,16.25,103.07,95.864,42,17,1.5
jizan,sa,17.33,42.67,82.4,65,100,4.1
payo,ph,-3.75,103.64,81.95,70,100,1.57
ratnagiri,in,16.98,73.3,98.474,14,23,1.8
gigmoto,ph,13.78,124.39,80.888,69,33,3.31
coahuayana,mx,18.73,-103.68,71.6,94,40,1
barra patuca,hn,15.8,-84.28,78.962,74,0,5.77
pathein,mm,16.78,94.73,89.402,46,8,3.66
nara,ml,34.69,135.8,47.552,87,75,1
morant bay,jm,17.88,-76.41,74.732,69,20,3.1
ponta do sol,cv,32.67,-17.1,59.54,63,75,5.1
sinnamary,gf,5.38,-52.95,79.88,80,52,7.99
santa maria,cv,-29.68,-53.81,74.21,68,0,1.91
cayenne,gf,4.93,-52.33,80.6,78,90,4.1
lompoc,us,34.64,-120.46,54.392,76,90,3.1
itoman,jp,26.12,127.67,64.256,77,75,12.3
marawi,sd,8,124.29,82.994,74,92,3.13
veraval,in,20.9,70.37,86.216,14,0,6.36
kidal,ml,18.44,1.41,67.802,16,0,5.05
katsuura,jp,35.13,140.3,40.028,93,75,8.7
atar,mr,20.52,-13.05,64.202,14,0,2.7
akyab,mm,20.15,92.9,83.984,55,13,4.23
bilma,ne,18.69,12.92,60.53,24,0,2.93
san vicente,ph,-26.62,-54.13,72.122,68,0,0.95
vaijapur,in,19.92,74.73,82.076,14,9,5.38
santa cruz del sur,cu,20.71,-78,76.334,82,3,8.59
dwarka,in,22.24,68.97,77.234,49,0,4.58
abha,sa,18.22,42.51,57.11,93,40,4.1
emilio carranza,mx,19.97,-96.61,75.326,78,0,5.81
tessalit,ml,20.2,1.01,67.712,17,0,5.68
codrington,ag,-38.27,141.97,57.578,66,90,6.97
mae sai,th,20.43,99.88,77,57,22,2.1
yangjiang,cn,21.85,111.97,73.994,58,58,5.12
gandai,in,21.67,81.1,77.846,68,94,4.31
nizwa,om,22.93,57.53,73.634,13,91,2.05
kahului,us,20.89,-156.47,70.25,78,90,2.6
cuauhtemoc,mx,28.42,-106.87,51.008,63,100,0.45
hasaki,jp,35.73,140.83,38.696,93,75,7.7
chuncheng,cn,22.17,111.79,73.994,58,58,5.12
sur,om,22.57,59.53,78.602,18,96,1.9
satkhira,bd,22.72,89.1,80.6,65,40,6.7
huejuquilla el alto,mx,22.6,-103.87,60.098,56,25,1.27
guerrero negro,mx,27.98,-114.06,61.772,78,0,3.34
the valley,ai,18.22,-63.06,75.542,88,75,2.1
faya,td,18.39,42.45,57.146,93,40,4.1
kailua,us,21.4,-157.74,71.618,78,90,2.1
dhana,in,23.75,78.85,82.454,28,56,2.94
aswan,eg,24.09,32.91,64.112,38,0,4.46
nuevo progreso,mx,23.17,-97.95,72.338,92,18,0.45
key west,us,24.56,-81.78,75.056,83,1,4.6
gat,ly,31.61,34.76,56.462,87,40,2.1
talhar,pk,24.88,68.82,81.806,17,0,1.96
zhangzhou,cn,24.51,117.66,64.4,77,90,6
dubai,ae,25.26,55.3,71.546,28,100,3.1
andros town,bs,24.7,-77.77,73.67,83,40,4.1
umm lajj,sa,25.02,37.27,68.27,46,0,6.92
tahta,eg,26.77,31.5,61.124,50,0,6.43
cockburn town,tc,21.46,-71.14,76.658,79,27,9.11
cockburn town,bs,21.46,-71.14,76.658,79,27,9.11
dali,cn,25.7,100.18,73.31,21,0,2.82
sann,pk,26.04,68.14,79.322,19,0,2.81
hojai,in,26,92.87,86.684,37,94,1.24
jiaocheng,cn,24.68,116.14,70.556,55,58,3.11
los llanos de aridane,es,28.66,-17.92,61.142,77,75,4.6
galveston,us,29.37,-94.97,70.952,83,90,3.6
saint pete beach,us,27.73,-82.74,67.946,68,1,3.37
shaowu,cn,27.34,117.48,61.178,53,5,4.29
saint george,bm,37.1,-113.58,46.256,93,90,1.5
pacific grove,us,36.62,-121.92,52.43,81,90,6.2
puerto del rosario,es,28.5,-13.86,63.374,77,40,6.2
colonelganj,in,27.13,81.7,78.71,50,0,2.8
tiznit,ma,29.58,-9.5,53.42,43,98,0.28
naze,jp,28.37,129.48,63.446,67,75,6.7
pokaran,in,26.92,71.92,72.788,26,0,1.7
hamilton,bm,39.18,-84.53,37.76,86,1,1.43
zhicheng,cn,30.3,111.5,71.996,31,63,1.7
lishui,cn,28.46,119.91,55.886,68,89,2.8
pahasu,in,28.18,78.05,76.748,45,36,4.07
wenling,cn,28.37,121.36,56.516,72,69,0.45
shimoda,jp,34.67,138.95,41.198,93,75,11.3
houma,us,29.6,-90.72,68.756,94,40,2.6
adrar,dz,20.5,-10.07,61.736,14,0,1.84
nalut,ly,30.33,10.85,53.078,32,52,3.17
sabha,ly,27.04,14.43,55.22,33,0,2.33
shenjiamen,cn,29.96,122.3,48.434,61,14,6.14
las palmas,es,28.42,-14.01,62.6,77,40,6.2
santa cruz de tenerife,es,28.47,-16.25,57.65,81,40,3.6
kushima,jp,31.46,131.23,58.928,43,20,11.3
bayir,jo,37.27,28.22,46.4,100,0,2.1
nichinan,jp,31.6,131.37,59.126,46,20,11.3
rudbar,af,30.15,62.6,72.644,13,0,2.15
doha,kw,25.29,51.53,73.616,64,100,4.1
uttarkashi,in,30.73,78.45,56.39,55,32,2.66
darnah,ly,32.77,22.64,61.862,85,0,11.49
ribeira grande,pt,38.52,-28.7,55.562,79,81,2.24
huilong,cn,31.81,121.66,55.004,59,33,4.45
fortuna,us,40.6,-124.16,46.454,93,90,3.1
palestine,us,31.92,35.2,56.084,87,40,2.1
silver city,us,32.77,-108.28,43.718,75,75,4.6
bossier city,us,32.52,-93.73,56.192,100,90,3.1
selma,us,36.57,-119.61,55.994,76,0,2.6
sialkot,pk,32.51,74.54,57.2,76,40,6.43
turayf,sa,31.67,38.66,50,100,75,9.3
tuscaloosa,us,33.21,-87.57,59.432,77,40,2.6
marsa matruh,eg,31.35,27.25,61.484,84,0,5.52
ahuimanu,us,21.44,-157.84,71.654,78,90,2.1
jiangyou,cn,31.77,104.72,58.748,30,14,3.26
bengbu,cn,32.94,117.36,59.288,39,5,6.61
buckeye,us,33.37,-112.58,55.13,87,40,3.1
leeds,us,53.8,-1.55,40.55,93,75,2.6
birjand,ir,32.87,59.22,51.8,14,26,5.1
nikolskoye,ru,59.7,30.79,23.072,53,100,5
torbay,ca,47.67,-52.73,26.204,79,90,7.2
east los angeles,us,34.02,-118.17,54.5,93,90,1.81
north myrtle beach,us,33.82,-78.68,63.464,88,1,4.43
toccoa,us,34.58,-83.33,57.362,63,40,1.5
fayetteville,us,35.05,-78.88,63.014,88,40,1.5
lefka,cy,35.11,32.85,58.136,93,40,1
yuncheng,cn,35.02,110.99,58.406,14,0,5.69
houma,cn,29.6,-90.72,68.756,94,40,2.6
karpathos,gr,35.51,27.21,59,82,0,3.6
korla,cn,41.76,86.15,34.304,33,16,1.51
kawaguchi,jp,35.8,139.72,39.488,93,75,5.1
kargil,in,34.57,76.1,15.674,76,100,1.48
tall kayf,iq,37.08,41.07,55.4,76,75,8.7
albufeira,pt,37.09,-8.25,55.67,87,0,3.1
sidi ali,dz,36.1,0.42,52.574,90,96,0.69
kamaishi,jp,39.27,141.88,41,52,75,1.5
amol,ir,36.47,52.35,59.54,52,100,0.36
xinzhi,cn,36.5,111.7,49.028,16,0,8.66
mikuni,jp,36.22,136.15,48.2,61,75,6.7
yuksekova,tr,37.57,44.29,44.6,87,90,2.1
alamosa,us,37.47,-105.87,32.684,69,1,5.7
gotsu,jp,35,132.22,50,53,40,6.2
trinidad,us,-14.83,-64.9,79.232,76,76,1.16
baza,es,37.49,-2.77,46.328,85,77,0.61
agira,it,37.66,14.52,52.916,81,61,2.1
puerto lumbreras,es,37.56,-1.81,50,85,99,0.45
nemuro,jp,43.32,145.57,35.6,43,20,3.6
taurianova,it,38.36,16.01,54.518,67,40,1
brigantine,us,39.41,-74.36,52.916,32,1,4.1
nantucket,us,41.28,-70.1,43.16,81,1,3.6
dingzhou,cn,38.51,115,60.8,11,0,4
redlands,us,34.06,-117.18,51.8,87,90,2.6
malatya,tr,38.5,38,48.2,87,90,2.6
georgetown,us,5.41,100.34,90.284,66,20,2.6
skopelos,gr,39.12,23.72,53.06,71,13,1
charlestown,us,-32.95,151.67,60.44,93,90,9.8
sitka,us,57.05,-135.33,33.386,47,75,7.7
ryotsu,jp,38.08,138.43,42.8,60,90,2.6
oga,jp,46.46,10.35,25.934,85,75,1
inca,es,39.72,2.91,52.646,81,100,1
greencastle,us,39.64,-86.86,38.588,80,75,1.87
saint-pierre,pm,-21.34,55.48,78.062,83,75,6.2
sterling,us,39.01,-77.43,54.05,30,1,7.7
calvia,es,39.57,2.51,52.682,81,100,1
zhangye,cn,38.93,100.45,53.15,9,0,1.15
xingcheng,cn,40.62,120.72,51.8,20,0,5.54
yingkou,cn,40.66,122.23,36.644,57,0,4.86
stratonion,gr,40.51,23.82,53.312,72,28,2.01
chengde,cn,40.97,117.94,46.688,23,0,7.81
kyzyl-suu,kg,42.34,78,37.22,69,0,1.8
bellevue,us,47.61,-122.2,35.852,100,90,2.45
eureka,us,40.8,-124.16,46.418,93,90,3.1
preobrazheniye,ru,42.9,133.91,31.172,82,59,6.35
peru,us,40.75,-86.07,37.94,60,1,2.1
urumqi,cn,43.8,87.6,38.21,44,0,2
evanston,us,42.04,-87.69,39.434,48,1,3.6
zaragoza,es,41.66,-0.88,41.54,70,20,7.7
brigham city,us,41.51,-112.02,38.426,74,1,2.6
hovd,mn,48.01,91.64,25.844,37,100,1.08
hami,cn,42.8,93.45,47.894,14,39,3.23
santa marinella,it,42.03,11.85,51.962,93,75,1
kriva palanka,mk,42.2,22.33,45.806,65,61,3.1
chardara,kz,41.25,67.97,64.022,34,0,1.5
marseille,fr,43.33,5.5,45.482,70,20,3.6
xinmin,cn,41.99,122.83,42.8,33,19,4
kodiak,us,57.79,-152.41,30.2,68,1,2.1
jackson,us,42.42,-122.83,43.358,61,90,5.7
storm lake,us,42.64,-95.21,34.052,69,90,4.6
bethel,us,41.37,-73.41,44.492,28,1,5.7
castrillon,es,43.4,-6.79,44.294,87,90,2.6
beyneu,kz,45.32,55.2,52.502,46,15,6.71
sabla,bg,12.75,4.71,68.234,14,6,5.34
tarbes,fr,43.25,0.17,40.298,93,90,0.69
nova varos,rs,43.46,19.81,37.4,83,100,1
olga,ru,43.74,135.29,32.864,74,1,10.6
tongliao,cn,43.61,122.27,42.332,31,12,7.1
huangnihe,cn,43.56,128.02,28.706,66,64,5.34
jiaohe,cn,43.73,127.34,28.598,81,81,4.62
kayasula,ru,44.33,45,50.288,72,97,1.75
saryozek,kz,44.36,77.98,52.052,35,12,2.77
rumoi,jp,43.93,141.64,30.704,90,100,5.76
provideniya,ru,64.38,-173.3,27.77,98,100,2.12
rapid valley,us,44.06,-103.15,27.59,92,90,11.8
wakkanai,jp,45.41,141.67,30.2,63,75,11.3
newport,us,51.59,-3,45.194,93,75,2.6
port hardy,ca,50.7,-127.42,35.6,37,20,10.8
erenhot,cn,43.65,111.98,38.084,31,0,10.01
muros,es,42.78,-9.06,42.602,100,40,2.1
baruun-urt,mn,46.68,113.28,29.246,78,16,6.86
bay roberts,ca,47.6,-53.26,26.132,79,90,7.2
luchegorsk,ru,46.48,134.26,28.49,81,100,4.04
nevers,fr,46.92,3.33,39.2,86,80,0.5
tiszafoldvar,hu,46.98,20.25,36.932,69,1,3.1
suileng,cn,47.25,127.08,28.202,89,35,4.77
novikovo,ru,51.15,37.89,40.406,81,99,5.73
saumur,fr,47.33,-0.25,44.582,81,40,3.6
ferme-neuve,ca,46.7,-75.45,28.364,74,100,7.01
dingle,ie,11,122.67,87.458,54,72,4.62
laval,fr,45.57,-73.69,37.688,59,90,12.9
kirkland lake,ca,48.14,-80.04,28.4,79,90,9.3
belaya kalitva,ru,48.17,40.78,48.974,74,87,5.16
lagoa,pt,39.05,-27.98,60.044,73,69,3.7
ayagoz,kz,47.97,80.44,32.63,84,34,3.94
plouzane,fr,48.38,-4.62,48.146,93,90,5.1
petropavlovsk-kamchatskiy,ru,53.05,158.65,33.8,55,40,6
fort frances,ca,48.6,-93.4,13.622,66,90,3.1
gravelbourg,ca,49.88,-106.55,7.34,53,100,6.93
estevan,ca,49.13,-102.98,14.684,78,1,4.6
makat,kz,47.65,53.35,52.592,40,33,6.23
aleksandrov gay,ru,50.15,48.57,48.938,83,100,2.47
sechelt,ca,49.47,-123.77,39.668,38,90,5.7
aktash,ru,50.3,87.73,29.03,66,34,1.89
maple creek,ca,49.92,-109.48,10.04,48,100,8.41
hlinsko,cz,49.76,15.91,36.068,84,90,3.6
zruc nad sazavou,cz,49.74,15.11,36.698,92,90,4.1
novoraychikhinsk,ru,49.78,129.59,22.892,84,79,2.76
moosomin,ca,50.13,-101.67,-5.602,99,85,2.44
nanortalik,gl,60.14,-45.24,23.162,72,100,7.01
ozinki,ru,51.18,49.68,44.618,65,100,3.8
kenora,ca,49.82,-94.43,8.402,71,20,3.1
atbasar,kz,51.8,68.33,34.646,100,100,8.64
rosetown,ca,51.55,-108,4.442,65,100,5.36
wroclaw,pl,51.1,17.03,34.196,86,20,4.1
kamloops,ca,50.67,-120.32,23,41,90,11.8
samoylovka,ru,51.18,43.71,35.996,91,100,2.24
forestville,ca,38.85,-76.88,54.338,11,1,5.7
tashla,ru,51.77,52.74,36.986,89,93,2.65
krasnoshchekovo,ru,51.67,82.73,34.196,90,91,8.55
revelstoke,ca,50.98,-118.2,28.4,36,90,11.3
didsbury,ca,53.42,-2.23,41.846,87,90,2.6
grindavik,is,63.84,-22.43,23.306,79,40,5.1
banff,ca,51.18,-115.57,-7.006,81,100,2.24
domna,ru,51.9,113.16,33.8,29,40,8
saint anthony,ca,45.02,-93.22,25.376,63,1,3.1
swan river,ca,52.11,-101.27,-2.002,94,100,0.79
ketchikan,us,55.34,-131.65,31.064,36,1,3.6
kushmurun,kz,52.45,64.63,35.258,98,100,8.84
kirsanov,ru,52.65,42.72,39.254,73,100,4.48
radishchevo,ru,52.85,47.88,38.876,68,78,4.88
hudson bay,ca,52.85,-102.38,-2.614,94,88,2.02
beringovskiy,ru,63.05,179.32,16.574,76,100,2.8
havre-saint-pierre,ca,50.23,-63.6,17.6,85,90,10.3
pritzwalk,de,53.15,12.17,29.066,88,0,0.14
dzerzhinsk,by,56.24,43.46,34.88,86,20,4
poltavka,ru,54.37,71.76,34.988,100,100,7.78
port-cartier,ca,50.03,-66.87,19.706,92,90,10.3
sergiyevsk,ru,53.94,51.16,36.68,80,94,5.6
whithorn,gb,18.26,-78.04,75.056,78,20,2.6
shatsk,ru,54.03,41.71,37.436,74,8,4.99
surskoye,ru,54.48,46.72,36.464,80,69,5.49
bagan,ru,54.1,77.66,22.244,85,78,7.08
irbeyskoye,ru,55.64,95.45,35.996,87,13,1.48
ayan,ru,56.45,138.17,10.85,64,2,3.29
stege,dk,54.99,12.28,29.57,92,0,1
bonnyville,ca,54.27,-110.73,-2.2,44,75,3.1
haradok,by,55.46,29.98,33.8,89,71,4.03
beaverlodge,ca,55.22,-119.44,-11.2,69,5,2.6
sexsmith,ca,55.35,-118.79,-11.2,69,5,2.6
tupik,ru,54.43,119.93,8.276,71,100,4.79
chara,ru,56.91,118.26,2.39,76,80,1.71
smithers,ca,54.78,-127.17,15.8,31,1,5.7
grimshaw,ca,56.18,-117.6,-13,62,5,2.1
kozhevnikovo,ru,56.26,83.97,30.956,55,100,6.11
athabasca,ca,54.72,-113.29,-7.564,93,100,1.79
berkakit,ru,56.58,124.77,-7.024,92,100,8.83
westport,ie,41.14,-73.36,46.706,29,1,7.7
opochka,ru,56.71,28.66,27.626,92,98,6.76
moose factory,ca,51.26,-80.61,15.8,85,90,9.8
sioux lookout,ca,50.1,-91.92,10.4,72,75,3.6
verkhnyaya pyshma,ru,56.97,60.58,37.4,77,40,7
chulman,ru,56.85,124.91,-4.09,86,96,4.43
yurginskoye,ru,56.82,67.39,37.328,94,100,5.4
tasiilaq,gl,65.61,-37.64,5,77,96,0.5
vestmannaeyjar,is,63.44,-20.27,25.628,75,2,10.29
visby,se,57.64,18.3,25.934,54,17,9.3
sovetsk,ru,55.08,21.88,31.982,65,81,5.92
alekseyevsk,ru,57.84,108.35,26.06,87,71,2.14
paamiut,gl,61.99,-49.67,2.426,64,8,4.16
okhotsk,ru,59.38,143.3,11.552,75,100,6.24
vypolzovo,ru,57.88,33.7,27.338,76,84,4.17
arman,ru,59.7,150.17,16.07,81,100,6.27
high level,ca,58.52,-117.14,-7.6,63,5,1
kirovo-chepetsk,ru,58.55,50.04,34.034,80,100,5.37
terrace,ca,54.52,-128.6,23,35,5,2.6
ullapool,gb,57.9,-5.16,39.488,79,99,0.45
palmer,us,42.16,-72.33,39.722,48,1,4.6
thurso,gb,58.59,-3.53,40.694,75,100,9.8
yantal,ru,56.85,105.25,33.008,100,95,2.4
iqaluit,ca,63.75,-68.51,-25.312,67,5,5.1
solnechnyy,ru,50.72,136.63,13.532,82,100,1.83
kropotkin,ru,45.44,40.58,54.734,65,64,6.05
la ronge,ca,55.1,-105.28,-4,58,20,3.1
ola,ru,59.58,151.28,13.046,73,100,11.52
kristinehamn,se,59.31,14.11,23.324,79,0,1.5
lensk,ru,60.73,114.93,7.376,85,55,4.1
nizhniy kuranakh,ru,58.84,125.49,-2.146,84,100,3.59
tilichiki,ru,60.47,166.1,19.292,87,81,5.56
suntar,ru,62.14,117.63,3.02,84,38,2.98
belyy yar,ru,53.6,91.39,32,87,95,1
thompson,ca,55.74,-97.86,-4,53,40,2.6
yellowknife,ca,62.46,-114.35,-18.202,75,5,3.1
janakkala,fi,60.9,24.6,22.622,85,33,3.6
ossora,ru,59.24,163.07,30.02,91,100,13.45
berdigestyakh,ru,62.1,126.7,-3.496,92,100,3.91
kenai,us,60.55,-151.26,21.614,44,1,3.1
pitkyaranta,ru,61.57,31.48,22.928,55,0,8.92
whitehorse,ca,60.72,-135.05,10.346,47,75,2.1
khatassy,ru,61.9,129.64,1.4,64,98,1
vanavara,ru,60.34,102.28,32.234,93,100,4.73
sundsvall,se,62.39,17.31,21.074,67,0,3.6
anadyr,ru,64.75,177.48,19.202,79,56,5
jamsa,fi,61.86,25.19,18.158,78,25,5.1
dzhebariki-khaya,ru,62.22,135.8,-7.96,85,64,0.77
dukat,ru,62.55,155.55,-10.984,90,75,3.62
olafsvik,is,64.89,-23.71,26.852,73,100,10.81
orotukan,ru,62.27,151.7,-7.06,88,100,1.69
baykit,ru,61.67,96.37,32.09,91,100,3.87
medvezhyegorsk,ru,62.92,34.47,14.972,85,100,7.25
haines junction,ca,60.75,-137.51,6.224,62,74,0.25
raudeberg,no,61.99,5.14,32.882,64,99,8.2
verkhnevilyuysk,ru,63.45,120.32,-2.272,87,62,3.14
brae,gb,60.4,-1.35,38.966,77,100,10.3
aksarka,ru,66.56,67.8,32.27,100,100,3.7
yagodnoye,ru,62.55,149.67,-7.51,87,98,1.73
agirish,ru,61.92,63.02,35.708,84,63,5.11
hay river,ca,60.82,-115.8,-11.2,63,20,2.6
sangar,ru,63.92,127.47,-2.146,92,100,3.8
tura,ru,25.52,90.22,91.058,28,99,3.13
onega,ru,63.91,38.14,20.444,88,100,9.49
lukovetskiy,ru,64.3,41.92,28.4,100,90,4
bud,no,39.45,-86.18,37.886,64,1,1.72
klaksvik,fo,62.23,-6.59,37.4,86,100,5.1
kozhva,ru,65.11,57.05,30.938,97,99,2.74
muzhi,ru,65.37,64.67,32.45,100,100,1.4
sisimiut,gl,66.94,-53.67,-3.046,96,100,2.78
lavrentiya,ru,65.58,-171,30.524,97,100,6.56
ust-tsilma,ru,65.44,52.15,24.35,94,93,3.06
udachnyy,ru,66.42,112.4,-5.8,70,23,4
norman wells,ca,65.28,-126.83,10.4,66,75,1
yerbogachen,ru,61.28,108.01,14.738,90,74,4.57
batagay-alyta,ru,67.8,130.41,-11.236,84,0,2.69
barrow,us,71.29,-156.79,24.8,85,90,13.9
inta,ru,66.03,60.17,27.59,97,100,5.6
inuvik,ca,68.35,-133.72,23,67,90,1
turukhansk,ru,65.82,87.98,33.296,99,100,6.36
belaya gora,ru,68.53,146.42,-18.004,93,5,2.17
cherskiy,ru,68.75,161.3,-10.876,95,100,2.82
ostrovnoy,ru,68.05,39.51,21.326,75,100,7.52
verkhoyansk,ru,67.54,133.38,-9.616,81,64,1.92
apatity,ru,67.56,33.4,10.13,84,100,4.13
fairbanks,us,64.84,-147.72,9.968,71,1,0.93
usinsk,ru,65.99,57.53,23.072,95,100,5.95
clyde river,ca,70.47,-68.59,-16.6,82,75,5.7
iskateley,ru,67.68,53.15,17.708,91,100,6.89
dudinka,ru,69.41,86.18,32,88,75,13
mezen,ru,65.85,44.24,23.918,90,79,4.92
husavik,is,66.04,-17.34,26.6,68,90,9.8
tazovskiy,ru,67.47,78.7,33.116,93,99,8.84
zhigansk,ru,66.77,123.37,-5.368,92,82,2.68
nome,us,64.5,-165.41,26.654,97,100,2.9
tuktoyaktuk,ca,69.45,-133.04,21.2,85,90,13.4
aklavik,ca,68.22,-135.01,23,67,90,1
saskylakh,ru,71.92,114.08,-9.31,87,67,10.34
roald,no,62.58,6.13,27.734,59,44,6.2
chokurdakh,ru,70.63,147.92,-14.908,96,100,4.02
komsomolskiy,ru,40.43,71.72,52.088,50,84,1
upernavik,gl,72.79,-56.15,-11.848,97,100,2.58
ilulissat,gl,69.22,-51.1,3.2,71,100,7.2
sovetskiy,ru,61.36,63.58,35.24,88,100,4.54
deputatskiy,ru,69.3,139.9,-17.374,83,0,0.84
sorland,no,67.67,12.69,30.29,57,95,5.93
srednekolymsk,ru,67.45,153.68,-12.46,90,49,3.21
tiksi,ru,71.69,128.87,-16.42,79,0,2.11
qaanaaq,gl,77.48,-69.36,-22,58,0,2.49
yar-sale,ru,66.83,70.83,32.252,99,100,5.31
talnakh,ru,69.49,88.4,32,95,75,13
pevek,ru,69.7,170.31,-4.9,97,100,0.35
leningradskiy,ru,69.38,178.42,-6.232,98,6,2.7
berlevag,no,70.86,29.09,20.12,65,100,7.32
khatanga,ru,71.97,102.5,6.494,94,100,5.7
longyearbyen,sj,78.22,15.64,-5.8,58,40,7.2
dikson,ru,73.51,80.55,30.056,96,100,7.71
college,us,64.86,-147.8,12.758,71,1,1.04
havoysund,no,71,24.66,15.8,85,100,11.8
narsaq,gl,60.92,-46.05,19.4,79,98,0.59
vardo,no,70.37,31.11,20.156,76,100,10.17
